﻿pos_x,pos_y,rotation,side,designator,mpn,pack,footprint,value,mount_type
64.6725,-65.8,-90.0,top,+3.3V,,,CONN-TH_B2B-XH-A-LF-SN,Connector,tht
111.675,-44.15,-90.0,top,AE1,,,SMA_BAT_Wireless_BWSMA-KWE-Z001,915MHZ Antenna,tht
112.0,-54.4,90.0,top,BATT,,,CONN-TH_B2B-XH-A-LF-SN,Connector,tht
101.8,-69.215365,0.0,top,BOOT,,,SPDT,SPDT,smt
90.0,-23.2,0.0,top,C1,,,C_0402,100nF,smt
93.85,-47.0,0.0,top,C10,,,C_0402,20pF,smt
94.2,-42.75,180.0,top,C11,,,C_0402,20pF,smt
86.2,-50.8,90.0,top,C12,,,C_0402,100nF,smt
80.4,-53.0,0.0,top,C15,,,C_0402,4.7uF,smt
86.711167,-49.36675,0.0,top,C17,,,C_0402,100nF,smt
90.1,-46.95,180.0,top,C18,,,C_0402,4.7uF,smt
93.2,-40.974013,-90.0,top,C20,,,C_0402,100nF,smt
92.3,-40.965316,-90.0,top,C21,,,C_0402,1uF,smt
90.09547,-47.838667,0.0,top,C25,,,C_0402,100nF,smt
85.75,-37.0,90.0,top,C26,,,C_0402,4.7uF,smt
96.4,-42.6,-90.0,top,C27,,,C_0402,100nF,smt
115.0,-30.6,-90.0,top,C28,,,C_0402,100nF,smt
82.8,-45.5,-90.0,top,C29,,,C_0402,100nF,smt
114.0,-30.6,-90.0,top,C3,,,C_0402,10uF,smt
80.4,-52.0,0.0,top,C31,,,C_0402,100nF,smt
68.5,-35.4,180.0,top,C4,,,C_0402,4.7uF,smt
66.6,-35.4,0.0,top,C5,,,C_0402,4.7uF,smt
77.128509,-38.8,90.0,top,C6,,,C_0402,100nF,smt
76.2,-38.8,-90.0,top,C7,,,C_0402,2.2uF,smt
79.2,-37.2,0.0,top,C8,,,C_0402,10nF,smt
84.25,-37.567564,180.0,top,C9,,,C_0402,100nF,smt
63.6,-36.0,180.0,top,D1,,,D_SOD-323F,PMEG3015EJ,smt
71.34,-38.8,0.0,top,D3,,,D_0805,Green,smt
103.5,-41.8,-90.0,top,D5,,,D_0805,Red,smt
66.4,-58.9,180.0,top,D6,,,D_0805,Red,smt
76.0,-23.0,180.0,top,MISO1,,,TestPoint_Keystone_5019_Miniature,TestPoint,smt
82.8,-34.8,0.0,top,MISO2,,,TestPoint_Keystone_5019_Miniature,TestPoint,smt
76.0,-26.2,180.0,top,MOSI1,,,TestPoint_Keystone_5019_Miniature,TestPoint,smt
77.6,-34.8,0.0,top,MOSI2,,,TestPoint_Keystone_5019_Miniature,TestPoint,smt
64.3,-42.7,-90.0,top,P1,,,USB-C,USB_C_Plug,smt
100.6,-41.6,90.0,top,Q2,,,Q_SOT-23,AO3400A,smt
70.34,-57.72,180.0,top,Q3,,,Q_SOT-23,AO3400A,smt
70.2,-41.5,180.0,top,R1,,,R_0402,5.1kΩ,tht
90.4,-36.4,180.0,top,R10,,,R_0402,5.1kΩ,tht
70.2,-40.4,0.0,top,R11,,,R_0402,200Ω,tht
82.8,-38.6,-90.0,top,R12,,,R_0402,5.1kΩ,tht
69.72,-60.12,180.0,top,R13,,,R_0603,75Ω,smt
80.795275,-43.637992,180.0,top,R14,,,R_0402,22Ω,tht
84.4,-52.0,0.0,top,R15,,,R_0402,5.1kΩ,tht
70.2,-44.5,180.0,top,R2,,,R_0402,5.1kΩ,tht
91.5,-26.0,0.0,top,R3,,,R_0402,5.1kΩ,tht
80.6,-28.4,-90.0,top,R4,,,R_0402,5.1kΩ,tht
105.2,-42.0,-90.0,top,R5,,,R_0603,75Ω,smt
80.8,-42.8,180.0,top,R6,,,R_0402,22Ω,tht
89.2,-30.0,0.0,top,R7,,,R_0402,5.1kΩ,tht
82.6,-50.375,-90.0,top,R9,,,R_0402,5.1kΩ,tht
102.2,-46.6,0.0,top,RST2,,,SW-SMD_4P-L4.5-W4.5-P3.15-LS7.5-TL,TS1101S,smt
76.0,-29.4,0.0,top,SCK1,,,TestPoint_Keystone_5019_Miniature,TestPoint,smt
72.7,-34.8,0.0,top,SCK2,,,TestPoint_Keystone_5019_Miniature,TestPoint,smt
69.9,-49.7,-90.0,top,SWD,,,PinHeader_1x04_P2.00mm_Vertical,Conn_01x04_Pin,tht
79.2,-39.2,180.0,top,U1,,,LGA-14_L3.0-W2.5-P0.50-TL,ICM-42605,smt
85.8125,-26.6,180.0,top,U2,,,SOIC-8_5.3x5.3mm_P1.27mm,W25Q16JVSS,smt
84.4,-49.775,90.0,top,U3,,,Bosch_LGA-8_2x2.5mm_P0.65mm_ClockwisePinNumbering,BMP280,smt
87.4375,-42.3,180.0,top,U5,,,QFN-48-1EP_7x7mm_P0.5mm_EP5.6x5.6mm,STM32F411,smt
83.6,-64.823663,-90.0,top,U6,,None,XCVR_L86-M33,L86-M33,smt
104.5,-31.2,0.0,top,U7,,,COMM-SMD_LORA1276-C1-915MHZ,915MHz,tht
66.0,-30.4,90.0,top,U9,,,SOT-223-3_TabPin2,AP7361C-33E,smt
69.9,-54.4,-90.0,top,UART1,,,PinHeader_1x04_P2.00mm_Vertical,Conn_01x04_Pin,tht
112.0,-62.8,90.0,top,UART2,,,CONN-TH_B2B-XH-A-LF-SN,Connector,tht
93.625,-44.9,180.0,top,X1,,,Crystal_SMD_2520-4Pin_2.5x2.0mm,Shenzhen SCTF Elec SX2B12.000F1010F30,smt
